18149;Специалист
18283;Главный инженер
14683;Начальник цеха
18139;Экономист
15980;Инженер по подготовке производства
18529;Секретарь-машинистка
17151;Специалист
17877;Специалист
16657;Главный специалист по информационным технологиям
16099;Заместитель начальника цеха
18171;Специалист
17627;Специалист
17523;Директор
17637;Зам. дир. Производства
17579;Главный специалист по продажам
11415;Инженер
10760;Начальник бюро
16814;Главный специалист по продажам
17502;Зам.дир.производства
17527;Зам.дир.производства
18553;Секретарь
17832;Начальник службы
11179;Старший диспетчер
13040;Диспетчер
16230;Экономист
17837;Директор
17946;Специалист
16673;Директор
18168;Начальник цеха
17966;Ведущий специалист
18175;Ведущий специалист
17990;Ведущий специалист
12016;Специалист
11605;Техник по планированию
17342;Экономист
14033;Табельщик
51217;Директор
51047;Ведущий специалист
11758;Начальник бюро
16632;Зам.дир.производства
11928;Ведущий инженер-технолог
15079;Зам.дир.производства
18667;Старший диспетчер
17951;Главный специалист по продажам
18195;Начальник цеха
18642;Директор
18084;Экономист
17535;Директор
15179;Зам.начальника производства
18559;Специалист
15709;Ведущий специалист
17570;Начальник отдела
15537;Старший диспетчер
11004;Специалист
17890;Главный специалист по продажам
17977;Бухгалтер
14349;Зам.дир.производства
17665;Ведущий специалист
18516;Главный специалист по продажам
17950;Начальник отдела
12490;Инженер-технолог
51255;Инженер-технолог
18492;Инженер по инструменту
18421;Главный инженер
11638;Табельщик
18457;Главный специалист по продажам
11340;Ведущий инженер-технолог
17870;Главный специалист по продажам
12856;Специалист
12586;Инженер по подготовке производства
12878;Помощник мастера
17888;Диспетчер
18472;Диспетчер
16606;Диспетчер
12881;Экономист
16759;Специалист
16895;Начальник цеха
18577;Специалист
17555;Начальник отдела
17671;Специалист
17238;Главный специалист по продажам
16677;Директор
16914;Зам.дир.производства
16483;Главный специалист по продажам
18454;Главный специалист по продажам
16540;Машинистка
11731;Начальник бюро
16413;Инженер
18759;Специалист
12417;Ведущий специалист
14452;Ведущий специалист
18064;Специалист
18058;Специалист
11502;Старший диспетчер
12006;Начальник бюро
16746;Ведущий специалист
18605;Специалист
18229;Специалист
18409;Зам.дир.производства
11551;Заместитель начальника цеха
18517;Зам.дир.производства
14863;Начальник цеха
15573;Начальник цеха
50217;Секретарь
17954;Директор
16239;Нагревальщик (сварщик) металла
16803;Начальник отдела
18288;Зам.дир.производства
16293;Инженер по подготовке производства
18383;Экономист
18125;Инженер по наладке и испытаниям
17961;Директор
18653;Кладовщик
12620;Оператор ЭВМ
12667;Оператор ЭВМ
11587;Разметчик
12744;Инженер
18491;Начальник бюро
14044;Секретарь
18776;Оператор ЭВМ
11374;Разметчик
11543;Архивариус
12633;Оператор ЭВМ
12683;Разметчик
11677;Руководитель группы
12510;Оператор ЭВМ
10731;Инженер по подготовке производства
60011;Начальник бюро
18101;Бухгалтер
18156;Оператор ЭВМ
11523;Оператор ЭВМ
18735;Ведущий специалист
11585;Разметчик
12665;Старший оператор ЭВМ
12475;Начальник бюро
16471;Оператор ЭВМ
11626;Разметчик
12231;Диспетчер
10885;Старший диспетчер
18173;Инженер
11680;Табельщик
12182;Зам.дир.производства
17879;Директор
17475;Ведущий специалист
18237;Руководитель группы
11610;Инженер
18083;Начальник цеха
10592;Ведущий экономист
18214;Начальник цеха
18179;Директор
18056;Директор
18456;Экономист
11964;Аппаратчик очистки сточных вод
51279;Главный конструктор
18280;Ведущий специалист
18668;Ведущий инженер-технолог
18257;Директор
11425;Инженер
17383;Главный специалист по продажам
17992;Главный инженер
17975;Специалист
50505;Старший диспетчер
17539;Начальник цеха
12078;Экономист
12821;Секретарь-машинистка
18002;Начальник бюро
11497;Табельщик
17369;Зам.дир.производства
17923;Главный специалист по продажам
17503;Директор
18011;Специалист
18560;Специалист
18393;Начальник бюро
16503;Специалист
15640;Начальник отдела
18488;Инженер по подготовке кадров
12062;Инженер по подготовке кадров
11832;Инженер по подготовке кадров
50572;Президент
18095;Заместитель генерального директора
16753;Заместитель начальника управления
17851;Главный бухгалтер
16785;Заместитель главного инженера
10223;Заместитель главного инженера
16185;Заместитель генерального директора
13865;Главный инженер объединения
51197;Заместитель генерального директора
17821;Заместитель генерального директора
18015;Заместитель генерального директора
17684;Специалист по работе с персоналом
11386;Старший инспектор по кадрам
50864;Секретарь
16794;Экономист
11344;Старший инспектор по кадрам
11010;Начальник отдела
11021;Специалист по социальным вопросам
16061;Начальник отдела
18261;Юрисконсульт
18226;Ведущий юрисконсульт
14144;Начальник управления
18008;Секретарь
12769;Юрисконсульт
16709;Ведущий юрисконсульт
17833;Начальник отдела
18597;Инспектор контроля доступа
60009;Начальник отдела
12478;Инженер
18208;Директор
18210;Инженер-конструктор
12839;Инженер-конструктор
10471;Инженер-конструктор
12697;Инженер-конструктор
10470;Инженер-конструктор
10409;Инженер-конструктор
10182;Инженер-конструктор
10472;Инженер-конструктор
10402;Инженер-конструктор
14141;Экономист
11594;Инженер-конструктор
11687;Инженер-конструктор
12840;Инженер-конструктор
11409;Техник по стандартизации
10562;Начальник группы
14031;Инженер-конструктор
10397;Инженер-конструктор
11685;Ведущий инженер-конструктор
11736;Начальник бюро
11723;Ведущий инженер-конструктор
11230;Инженер-конструктор
10209;Начальник бюро
16770;Инженер-конструктор
12924;Секретарь
12764;Инженер-конструктор
11744;Инженер по стандартизации
12222;Инженер-конструктор
10526;Ведущий специалист
11719;Инженер-конструктор
17718;Инженер-конструктор
10417;Ведущий инженер-конструктор
11232;Инженер-конструктор
12887;Инженер-конструктор
11729;Ведущий инженер-конструктор
12924;Секретарь
11736;Начальник бюро
13215;Инженер-конструктор
12306;Инженер-конструктор
14495;Ведущий инженер-конструктор
10761;Инженер-конструктор
12989;Инженер-конструктор
10780;Инженер-конструктор
11188;Инженер-конструктор
12922;Инженер-конструктор
13384;Инженер-конструктор
10823;Начальник бюро
12519;Инженер-конструктор
11286;Ведущий инженер-конструктор
17273;Техник-конструктор
16060;Инженер-конструктор
17813;Зам.начальника бюро
12108;Инженер-конструктор
12045;Инженер-технолог
10281;Инженер-конструктор
18648;Инженер-конструктор
13252;Ведущий инженер-конструктор
12710;Инженер-конструктор
18665;Ведущий инженер-конструктор
11578;Ведущий инженер-конструктор
15726;Инженер-конструктор
18544;Начальник бюро
12624;Инженер-конструктор
12607;Ведущий инженер-конструктор
11479;Инженер-конструктор
12607;Ведущий инженер-конструктор
14885;Инженер-конструктор
11082;Ведущий инженер-технолог
10751;Ведущий специалист
12148;Экономист по МТС
12235;Инженер-конструктор
13105;Инженер-конструктор
11267;Инженер-конструктор
10451;Начальник бюро
10824;Инженер по стандартизации
11570;Инженер-конструктор
12168;Ведущий инженер-конструктор
11078;Инженер-конструктор
11627;Ведущий инженер-конструктор
10655;Инженер-технолог
17015;Инженер-конструктор
10657;Инженер-конструктор
10516;Главный конструктор
12059;Инженер-конструктор
11120;Инженер-конструктор
12039;Инженер-конструктор
11233;Начальник бюро
11479;Инженер-конструктор
12397;Инженер-конструктор
11860;Ведущий инженер-конструктор
12379;Инженер-конструктор
10641;Начальник бюро
15713;Инженер-технолог
17891;Инженер-конструктор
12420;Инженер-конструктор
50183;Инженер-конструктор
18496;Инженер-конструктор
11846;Инженер по стандартизации
18397;Инженер-конструктор
18162;Инженер-конструктор
18272;Документовед
18268;Начальник группы
17959;Инженер-конструктор
17486;Ведущий инженер-конструктор
18178;Инженер-конструктор
12144;Ведущий инженер по нормированию труда
16088;Зам.главного технолога
15812;Инженер-технолог
11852;Начальник бюро
10594;Инженер-конструктор
10799;Ведущий инженер-программист
12666;Инженер-программист
10755;Инженер-технолог
18148;Инженер по нормированию труда
11459;Инженер-технолог
13025;Начальник бюро
11717;Инженер по нормированию труда
11022;Главный технолог
12012;Начальник бюро
13730;Зам.главного технолога
11339;Инженер-конструктор
10904;Инженер по нормированию труда
12100;Инженер-конструктор
15005;Начальник бюро
11704;Инженер-конструктор
13890;Инженер-конструктор
12851;Инженер-технолог
11957;Инженер-программист
12409;Инженер-технолог
11999;Инженер-конструктор
11934;Инженер-технолог
11987;Инженер-технолог
11814;Ведущий инженер по нормированию труда
12147;Инженер-технолог
11797;Начальник бюро
12680;Инженер по нормированию труда
12214;Инженер-технолог
10828;Инженер-технолог
17878;Главный сварщик
16231;Инженер-конструктор
16599;Начальник бюро
13724;Начальник бюро
10224;Инженер-технолог
10806;Начальник бюро
12503;Инженер-конструктор
15294;Инженер-конструктор
18260;Начальник лаборатории
18636;Инженер-технолог
17981;Инженер-технолог
18500;Инженер-технолог
18632;Инженер-технолог
15730;Инженер-технолог
10664;Инженер-технолог
50360;Инженер-технолог
10777;Начальник бюро
10407;Инженер-технолог
11908;Инженер-конструктор
18604;Инженер-технолог
11692;Инженер-технолог
11389;Начальник бюро
17016;Инженер-конструктор
10317;Ведущий инженер-технолог
10410;Инженер-технолог
13668;Начальник бюро
10937;Инженер-технолог
12028;Инженер-конструктор
17913;Инженер-технолог
11500;Начальник отдела
12363;Инженер-конструктор
12937;Инженер-конструктор
18614;Начальник отдела
12502;Специалист
17968;Начальник отдела
18732;Заместитель начальника отдела
11316;Специалист
10618;Ведущий инженер
11191;Специалист
17599;Декларант
12241;Ведущий специалист
11116;Ведущий экономист по планированию
13153;Экономист по планированию
16771;Начальник отдела
12594;Заместитель начальника отдела
18658;Специалист
60007;Специалист
50809;Менеджер
16082;Переводчик технической литературы
13283;Специалист
13187;Начальник отдела
16872;Ведущий инженер-конструктор
18329;Декларант
51094;Заместитель главного диспетчера
10540;Диспетчер
11447;Заместитель главного диспетчера
17822;Заместитель главного диспетчера
18320;Главный диспетчер
11784;Главный диспетчер
17035;Заместитель главного диспетчера
16692;Инженер
16008;Ведущий инженер
18615;Инженер
18682;Ведущий инженер
18113;Начальник отдела
50132;Ведущий инженер
12153;Начальник группы
12286;Старший техник по учету
13841;Техник по учету
14207;Техник по учету
12173;Техник по учету
18022;Начальник управления
15565;Инженер-технолог
18598;Инженер
18640;Инженер
18153;Ведущий инженер
16090;Инженер по инструменту
10779;Инженер по инструменту
10955;Начальник бюро
50586;Инженер по инструменту
17208;Техник
12674;Инженер
16564;Инженер
12118;Инженер
16035;Руководитель группы
18541;Инженер
18557;Руководитель группы
18479;Инженер
11132;Инженер
12622;Инженер
11958;Руководитель группы
18200;Экономист по МТС
12804;Руководитель группы
15056;Инженер по качеству
17741;Заместитель начальника отдела
11903;Экономист по МТС
14176;Руководитель группы
18543;Экономист по МТС
18207;Инженер
11215;Техник
12804;Руководитель группы
15707;Техник
14299;Экономист по МТС
11722;Руководитель группы
12434;Руководитель группы
10920;Техник
11843;Инженер
12230;Руководитель группы
16005;Инженер
18031;Руководитель группы
12701;Экономист по МТС
11905;Инженер
13210;Руководитель группы
18566;Экономист по МТС
18053;Инженер
11024;Бухгалтер
18455;Зам.главного бухгалтера
12394;Бухгалтер
60010;Начальник сектора
12520;Бухгалтер
14110;Бухгалтер
11727;Бухгалтер
17757;Бухгалтер
14957;Бухгалтер
16051;Бухгалтер
11067;Бухгалтер
17889;Начальник сектора
13293;Зам.главного бухгалтера
12932;Бухгалтер
16885;Бухгалтер
17300;Бухгалтер
16425;Начальник сектора
10713;Бухгалтер
17942;Бухгалтер
13753;Бухгалтер
10720;Старший бухгалтер
12532;Бухгалтер
16995;Начальник сектора
12031;Бухгалтер
13351;Бухгалтер
11121;Экономист по финансовой работе
13145;Начальник отдела
12918;Заместитель начальника отдела
15036;Экономист по финансовой работе
11633;Ведущий бухгалтер
14383;Экономист по финансовой работе
15914;Техник
12548;Кассир
17731;Экономист по финансовой работе
12926;Ведущий экономист по финансовой работе
12595;Начальник ЦЗЛ
11305;Ведущий инженер-лаборант
17688;Заведующая хозяйством
17128;Начальник участка
12159;Начальник лаборатории
13380;Начальник отдела
16893;Контролер станочных и слесарных работ
11126;Мастер контрольный
11588;Контролер станочных и слесарных работ
13344;Начальник управления
11886;Мастер контрольный
17145;Инженер по качеству
11994;Начальник отдела
11042;Мастер контрольный
17554;Главный механик
10199;Инженер-конструктор
13670;Зам.главного механика
14849;Ведущий инженер-конструктор
18501;Инженер-конструктор
12647;Секретарь
12403;Начальник бюро
18506;Инженер-конструктор
18718;Секретарь
12383;Заместитель главного энергетика
51179;Инженер-конструктор
18493;Инженер по стандартизации
13373;Инженер-конструктор
11217;Ведущий специалист
18096;Главный энергетик
11983;Заместитель главного энергетика
13613;Начальник отдела
17803;Инженер по охране окружающей среды
12644;Начальник лаборатории
15683;Начальник лаборатории
11583;Заместитель начальника отдела
14824;Инженер-лаборант
13817;Врач по гигиене труда
12864;Инженер по охране труда и технике безопасности
15200;Инспектор
11624;Кладовщик
17887;Кладовщик
12389;Кладовщик
16987;Кладовщик
16054;Кладовщик
14019;Кладовщик
12538;Кладовщик
11110;Кладовщик
12280;Специалист
16769;Кладовщик
14196;Мастер погрузочно-разгрузочных работ
12873;Кладовщик
16693;Специалист
17499;Кладовщик
17858;Специалист
13117;Начальник цеха
17835;Кладовщик
12516;Кладовщик
13099;Ведущий инженер-программист
11798;Оператор ЭВМ
12008;Инженер-конструктор
12969;Ведущий инженер-программист
12476;Оператор ЭВМ
12513;Оператор ЭВМ
10759;Инженер-технолог
11333;Ведущий инженер-программист
18631;Инженер-программист
11794;Оператор ЭВМ
16183;Оператор ЭВМ
12445;Техник
12695;Ведущий инженер-программист
12671;Оператор ЭВМ
12223;Оператор ЭВМ
60014;Инженер-электроник
12865;Ведущий инженер-программист
13916;Инженер-программист
11468;Инженер-технолог
11259;Инженер-электроник
12604;Инженер-программист
10622;Инженер-технолог
11328;Начальник бюро
12534;Начальник отдела
18536;Техник
14335;Заместитель начальника отдела
18473;Техник
11620;Ведущий инженер-программист
13867;Ведущий инженер-программист
12425;Ведущий инженер-программист
12427;Инженер-программист
16198;Инженер-программист
11368;Инженер-технолог
12428;Техник
10658;Начальник отдела
11239;Начальник бюро
12530;Инженер-технолог
51129;Секретарь
11240;Секретарь
11531;Заведующая научно-технической библиотекой
12063;Секретарь
13348;Начальник отдела
12341;Заведующая канцелярией
14153;Диспетчер связи (телетайпа)
11754;Документовед
18132;Начальник отдела
18126;Документовед
13634;Начальник службы
11851;Заведующая хозяйством
17014;Зам.начальника службы
18551;Начальник отдела
18649;Инженер по качеству
18619;Инженер по качеству
50052;Начальник штаба
13406;Начальник службы
14406;Начальник службы
50056;Табельщик
13472;Экономист по планированию
13371;Начальник цеха
12094;Секретарь
14364;Энергетик цеха
18398;Директор
12361;Заместитель начальника цеха
15815;Ведущий инженер
16331;Инженер
18717;Инженер по проектно-сметной работе
11904;Начальник бюро
16635;Экономист
14046;Экономист
17110;Экономист
13100;Экономист
11525;Инженер
11019;Инженер
12827;Инженер
18351;Инженер
18012;Ведущий инженер
16562;Инженер
18294;Инженер
17743;Начальник отдела
17267;Инженер
13132;Инженер-электроник
12048;Инженер-электроник
11140;Главный метролог
12651;Начальник лаборатории
10650;Начальник отдела
18035;Заместитель начальника отдела
15981;Инженер-электроник
13703;Ведущий электроник
12637;Ведущий электроник
12481;Инженер-электроник
12481;Инженер-электроник
12314;Ведущий инженер по организации и нормированию труда
11780;Инженер по организации и нормированию труда
16243;Ведущий инженер по организации и нормированию труда
12212;Ведущий инженер по организации и нормированию труда
11349;Экономист по труду
11285;Начальник отдела
15352;Экономист по планированию
18733;Экономист по планированию
12953;Начальник сектора
50187;Экономист по планированию
18549;Экономист по планированию
12617;Начальник отдела
12171;Начальник сектора
12632;Экономист по планированию
17936;Экономист по планированию
13520;Экономист по планированию
18157;Экономист по планированию
18061;Экономист по планированию
18709;Экономист по планированию
51220;Генеральный директор
51213;Заместитель генерального директора
18670;Начальник группы
18587;Экономист
18573;Секретарь
17910;Специалист
18276;Специалист
